Kids_First_Participant_ID	cg_sum	cancer_group	gene_protein	Hugo_Symbol	Deceased_BS_H8JZ6CZR	Diagnosis_BS_05S9WJW6	sym	group
PT_23NZGSRJ	Medulloblastoma	Medulloblastoma		EPB41	0.25	0	FALSE	Deceased
PT_23NZGSRJ	Medulloblastoma	Medulloblastoma		HRNR	0.1134020618556701	0	FALSE	Deceased
PT_23NZGSRJ	Medulloblastoma	Medulloblastoma		SCN1A	0.3389830508474576	0	FALSE	Deceased
PT_23NZGSRJ	Medulloblastoma	Medulloblastoma		GPR155	0.2058823529411765	0	FALSE	Deceased
PT_23NZGSRJ	Medulloblastoma	Medulloblastoma		WNT6	0.15151515151515152	0	FALSE	Deceased
PT_23NZGSRJ	Medulloblastoma	Medulloblastoma		TP63	0.20967741935483872	0	FALSE	Deceased
PT_23NZGSRJ	Medulloblastoma	Medulloblastoma		RRH	0.2328767123287671	0	FALSE	Deceased
PT_23NZGSRJ	Medulloblastoma	Medulloblastoma	APC_p.W2658L	APC	0.1724137931034483	0	TRUE	Deceased
PT_23NZGSRJ	Medulloblastoma	Medulloblastoma		PCDHGA3	0.17582417582417584	0	FALSE	Deceased
PT_23NZGSRJ	Medulloblastoma	Medulloblastoma		POU4F3	0.2079207920792079	0	FALSE	Deceased
PT_23NZGSRJ	Medulloblastoma	Medulloblastoma	SYNCRIP_p.M388_E389delinsI*	SYNCRIP	0.22972972972972977	0	TRUE	Deceased
PT_23NZGSRJ	Medulloblastoma	Medulloblastoma		UTRN	0.2222222222222222	0	FALSE	Deceased
PT_23NZGSRJ	Medulloblastoma	Medulloblastoma		DNAH11	0.225	0	FALSE	Deceased
PT_23NZGSRJ	Medulloblastoma	Medulloblastoma		MGAM2	0.12658227848101267	0	FALSE	Deceased
PT_23NZGSRJ	Medulloblastoma	Medulloblastoma		RLN2	0.1864406779661017	0	FALSE	Deceased
PT_23NZGSRJ	Medulloblastoma	Medulloblastoma		ALDH1A1	0.1875	0	FALSE	Deceased
PT_23NZGSRJ	Medulloblastoma	Medulloblastoma		ATE1	0.1724137931034483	0	FALSE	Deceased
PT_23NZGSRJ	Medulloblastoma	Medulloblastoma		MUC5AC	0.175	0	FALSE	Deceased
PT_23NZGSRJ	Medulloblastoma	Medulloblastoma		TRIM66	0.25	0	FALSE	Deceased
PT_23NZGSRJ	Medulloblastoma	Medulloblastoma	KBTBD4_p.P311_R312dup	KBTBD4	0.4909090909090909	0.8666666666666667	TRUE	Common
PT_23NZGSRJ	Medulloblastoma	Medulloblastoma		OR4C45	0.1875	0	FALSE	Deceased
PT_23NZGSRJ	Medulloblastoma	Medulloblastoma		PCBP2	0.296875	0	FALSE	Deceased
PT_23NZGSRJ	Medulloblastoma	Medulloblastoma		RILPL1	0.3064516129032258	0	FALSE	Deceased
PT_23NZGSRJ	Medulloblastoma	Medulloblastoma		PLEKHG3	0.21212121212121213	0	FALSE	Deceased
PT_23NZGSRJ	Medulloblastoma	Medulloblastoma		PLEKHD1	0.27419354838709675	0	FALSE	Deceased
PT_23NZGSRJ	Medulloblastoma	Medulloblastoma		CYFIP1	0.2023809523809524	0	FALSE	Deceased
PT_23NZGSRJ	Medulloblastoma	Medulloblastoma		SIN3A	0.2413793103448276	0	FALSE	Deceased
PT_23NZGSRJ	Medulloblastoma	Medulloblastoma		RASGRF1	0.2711864406779661	0	FALSE	Deceased
PT_23NZGSRJ	Medulloblastoma	Medulloblastoma		NETO2	0.25925925925925924	0	FALSE	Deceased
PT_23NZGSRJ	Medulloblastoma	Medulloblastoma		ENKD1	0.2222222222222222	0	FALSE	Deceased
PT_23NZGSRJ	Medulloblastoma	Medulloblastoma		EMC6	0.18055555555555555	0	FALSE	Deceased
PT_23NZGSRJ	Medulloblastoma	Medulloblastoma		SOX9	0.2	0.4576271186440678	FALSE	Common
PT_23NZGSRJ	Medulloblastoma	Medulloblastoma		TRIM65	0.18518518518518515	0	FALSE	Deceased
PT_23NZGSRJ	Medulloblastoma	Medulloblastoma		CD209	0.0967741935483871	0	FALSE	Deceased
PT_23NZGSRJ	Medulloblastoma	Medulloblastoma	SMARCA4_p.P974L	SMARCA4	0.19672131147540983	0	TRUE	Deceased
PT_23NZGSRJ	Medulloblastoma	Medulloblastoma		PSENEN	0.2058823529411765	0	FALSE	Deceased
PT_23NZGSRJ	Medulloblastoma	Medulloblastoma		ZNF227	0.26865671641791045	0	FALSE	Deceased
PT_23NZGSRJ	Medulloblastoma	Medulloblastoma		CABP5	0.21818181818181817	0	FALSE	Deceased
PT_23NZGSRJ	Medulloblastoma	Medulloblastoma		IGLV2-14	0.3088235294117647	0	FALSE	Deceased
PT_23NZGSRJ	Medulloblastoma	Medulloblastoma		FAM47B	0.24242424242424243	0	FALSE	Deceased
PT_23NZGSRJ	Medulloblastoma	Medulloblastoma		ARMCX4	0.05102040816326531	0	FALSE	Deceased
PT_23NZGSRJ	Medulloblastoma	Medulloblastoma		PABPC4	0	0.58	FALSE	Diagnosis
PT_23NZGSRJ	Medulloblastoma	Medulloblastoma		OVGP1	0	0.38461538461538464	FALSE	Diagnosis
PT_23NZGSRJ	Medulloblastoma	Medulloblastoma		LIX1L	0	0.13924050632911392	FALSE	Diagnosis
PT_23NZGSRJ	Medulloblastoma	Medulloblastoma		PLXNA2	0	0.10344827586206896	FALSE	Diagnosis
PT_23NZGSRJ	Medulloblastoma	Medulloblastoma		SLC30A1	0	0.13157894736842105	FALSE	Diagnosis
PT_23NZGSRJ	Medulloblastoma	Medulloblastoma		FAM89A	0	0.15	FALSE	Diagnosis
PT_23NZGSRJ	Medulloblastoma	Medulloblastoma		TTN	0	0.16	FALSE	Diagnosis
PT_23NZGSRJ	Medulloblastoma	Medulloblastoma		FAM117B	0	0.11940298507462686	FALSE	Diagnosis
PT_23NZGSRJ	Medulloblastoma	Medulloblastoma		GRM7	0	0.13414634146341464	FALSE	Diagnosis
PT_23NZGSRJ	Medulloblastoma	Medulloblastoma		CFAP100	0	0.1346153846153846	FALSE	Diagnosis
PT_23NZGSRJ	Medulloblastoma	Medulloblastoma		FBXW7	0	0.88	FALSE	Diagnosis
PT_23NZGSRJ	Medulloblastoma	Medulloblastoma		BDP1	0	0.0898876404494382	FALSE	Diagnosis
PT_23NZGSRJ	Medulloblastoma	Medulloblastoma		FOXQ1	0	0.17391304347826086	FALSE	Diagnosis
PT_23NZGSRJ	Medulloblastoma	Medulloblastoma		MAPK13	0	0.06451612903225806	FALSE	Diagnosis
PT_23NZGSRJ	Medulloblastoma	Medulloblastoma		CDC5L	0	0.3820224719101123	FALSE	Diagnosis
PT_23NZGSRJ	Medulloblastoma	Medulloblastoma		CNR1	0	0.3018867924528302	FALSE	Diagnosis
PT_23NZGSRJ	Medulloblastoma	Medulloblastoma		NCOA7	0	0.2631578947368421	FALSE	Diagnosis
PT_23NZGSRJ	Medulloblastoma	Medulloblastoma		ECT2L	0	0.313953488372093	FALSE	Diagnosis
PT_23NZGSRJ	Medulloblastoma	Medulloblastoma		CARD11	0	0.1411764705882353	FALSE	Diagnosis
PT_23NZGSRJ	Medulloblastoma	Medulloblastoma		RADIL	0	0.07352941176470588	FALSE	Diagnosis
PT_23NZGSRJ	Medulloblastoma	Medulloblastoma		ZNF716	0	0.10869565217391304	FALSE	Diagnosis
PT_23NZGSRJ	Medulloblastoma	Medulloblastoma		MUC17	0	0.1	FALSE	Diagnosis
PT_23NZGSRJ	Medulloblastoma	Medulloblastoma		HIPK2	0	0.11904761904761904	FALSE	Diagnosis
PT_23NZGSRJ	Medulloblastoma	Medulloblastoma		ZNF786	0	0.08771929824561403	FALSE	Diagnosis
PT_23NZGSRJ	Medulloblastoma	Medulloblastoma		ESYT2	0	0.1702127659574468	FALSE	Diagnosis
PT_23NZGSRJ	Medulloblastoma	Medulloblastoma		TNFRSF10A	0	0.07407407407407407	FALSE	Diagnosis
PT_23NZGSRJ	Medulloblastoma	Medulloblastoma		CA2	0	0.15492957746478872	FALSE	Diagnosis
PT_23NZGSRJ	Medulloblastoma	Medulloblastoma		DMRT2	0	0.0588235294117647	FALSE	Diagnosis
PT_23NZGSRJ	Medulloblastoma	Medulloblastoma		SH3GLB2	0	0.15	FALSE	Diagnosis
PT_23NZGSRJ	Medulloblastoma	Medulloblastoma		FUT11	0	0.07142857142857142	FALSE	Diagnosis
PT_23NZGSRJ	Medulloblastoma	Medulloblastoma		MKI67	0	0.16666666666666666	FALSE	Diagnosis
PT_23NZGSRJ	Medulloblastoma	Medulloblastoma		TBC1D10C	0	0.19298245614035087	FALSE	Diagnosis
PT_23NZGSRJ	Medulloblastoma	Medulloblastoma		RDX	0	0.08695652173913043	FALSE	Diagnosis
PT_23NZGSRJ	Medulloblastoma	Medulloblastoma		ADAMTS8	0	0.25	FALSE	Diagnosis
PT_23NZGSRJ	Medulloblastoma	Medulloblastoma		GDF3	0	0.14285714285714285	FALSE	Diagnosis
PT_23NZGSRJ	Medulloblastoma	Medulloblastoma		PAN3	0	0.28	FALSE	Diagnosis
PT_23NZGSRJ	Medulloblastoma	Medulloblastoma		LMO7	0	0.08823529411764706	FALSE	Diagnosis
PT_23NZGSRJ	Medulloblastoma	Medulloblastoma		PACS2	0	0.09090909090909093	FALSE	Diagnosis
PT_23NZGSRJ	Medulloblastoma	Medulloblastoma		IGHV4-4	0	0.2352941176470588	FALSE	Diagnosis
PT_23NZGSRJ	Medulloblastoma	Medulloblastoma		RPP25	0	0.1308411214953271	FALSE	Diagnosis
PT_23NZGSRJ	Medulloblastoma	Medulloblastoma		CACNA1H	0	0.07142857142857142	FALSE	Diagnosis
PT_23NZGSRJ	Medulloblastoma	Medulloblastoma		IGFALS	0	0.1153846153846154	FALSE	Diagnosis
PT_23NZGSRJ	Medulloblastoma	Medulloblastoma		ELOA2	0	0.0784313725490196	FALSE	Diagnosis
PT_23NZGSRJ	Medulloblastoma	Medulloblastoma		ZNF441	0	0.0891089108910891	FALSE	Diagnosis
PT_23NZGSRJ	Medulloblastoma	Medulloblastoma		PTGER1	0	0.07936507936507936	FALSE	Diagnosis
PT_23NZGSRJ	Medulloblastoma	Medulloblastoma		COMP	0	0.08196721311475409	FALSE	Diagnosis
PT_23NZGSRJ	Medulloblastoma	Medulloblastoma		ZNF90	0	0.11320754716981132	FALSE	Diagnosis
PT_23NZGSRJ	Medulloblastoma	Medulloblastoma		ZNF90	0	0.10638297872340426	FALSE	Diagnosis
PT_23NZGSRJ	Medulloblastoma	Medulloblastoma		ZFP82	0	0.12396694214876032	FALSE	Diagnosis
PT_23NZGSRJ	Medulloblastoma	Medulloblastoma		ZNF850	0	0.06306306306306306	FALSE	Diagnosis
PT_23NZGSRJ	Medulloblastoma	Medulloblastoma		ZNF875	0	0.078125	FALSE	Diagnosis
PT_23NZGSRJ	Medulloblastoma	Medulloblastoma		ZNF837	0	0.0962962962962963	FALSE	Diagnosis
PT_23NZGSRJ	Medulloblastoma	Medulloblastoma		XKR7	0	0.10810810810810811	FALSE	Diagnosis
PT_23NZGSRJ	Medulloblastoma	Medulloblastoma		ACSS2	0	0.20408163265306123	FALSE	Diagnosis
PT_23NZGSRJ	Medulloblastoma	Medulloblastoma		RNF114	0	0.14285714285714285	FALSE	Diagnosis
PT_23NZGSRJ	Medulloblastoma	Medulloblastoma		MYT1	0	0.16666666666666666	FALSE	Diagnosis
PT_23NZGSRJ	Medulloblastoma	Medulloblastoma		ARVCF	0	0.09090909090909093	FALSE	Diagnosis
PT_23NZGSRJ	Medulloblastoma	Medulloblastoma		TMEM191C	0	0.06976744186046512	FALSE	Diagnosis
