Kids_First_Participant_ID	cg_sum	cancer_group	gene_protein	Hugo_Symbol	Deceased_BS_4CT3A9PQ	Recurrence_BS_9SVMVJ45	sym	group
PT_HJMP6PH2	Ewing sarcoma	Ewing sarcoma		DR1	0.04	0.4805194805194805	FALSE	Common
PT_HJMP6PH2	Ewing sarcoma	Ewing sarcoma		OBSCN	0.23863636363636365	0.6964285714285714	FALSE	Common
PT_HJMP6PH2	Ewing sarcoma	Ewing sarcoma		ADAMTS9	0.05405405405405406	0.43243243243243246	FALSE	Common
PT_HJMP6PH2	Ewing sarcoma	Ewing sarcoma		GTF2H4	0.09523809523809525	0.411214953271028	FALSE	Common
PT_HJMP6PH2	Ewing sarcoma	Ewing sarcoma		AP5Z1	0.03947368421052631	0	FALSE	Deceased
PT_HJMP6PH2	Ewing sarcoma	Ewing sarcoma		ENST00000620059	0.03947368421052631	0.07368421052631578	FALSE	Common
PT_HJMP6PH2	Ewing sarcoma	Ewing sarcoma		SPATA31E1	0.07894736842105263	0.44155844155844154	FALSE	Common
PT_HJMP6PH2	Ewing sarcoma	Ewing sarcoma		ZNF618	0.05797101449275362	0.3924050632911392	FALSE	Common
PT_HJMP6PH2	Ewing sarcoma	Ewing sarcoma		FRMD4A	0.10526315789473684	0.5070422535211268	FALSE	Common
PT_HJMP6PH2	Ewing sarcoma	Ewing sarcoma		MUC19	0.0821917808219178	0.3230769230769231	FALSE	Common
PT_HJMP6PH2	Ewing sarcoma	Ewing sarcoma		YLPM1	0.07936507936507936	0.5072463768115942	FALSE	Common
PT_HJMP6PH2	Ewing sarcoma	Ewing sarcoma		COPS2	0.05	0.4328358208955224	FALSE	Common
PT_HJMP6PH2	Ewing sarcoma	Ewing sarcoma		VPS13C	0.07936507936507936	0.42168674698795183	FALSE	Common
PT_HJMP6PH2	Ewing sarcoma	Ewing sarcoma		DENND4A	0.09090909090909093	0.5333333333333333	FALSE	Common
PT_HJMP6PH2	Ewing sarcoma	Ewing sarcoma		PRPF8	0.05263157894736842	0.5	FALSE	Common
PT_HJMP6PH2	Ewing sarcoma	Ewing sarcoma		KCNH4	0.06578947368421052	0.47560975609756095	FALSE	Common
PT_HJMP6PH2	Ewing sarcoma	Ewing sarcoma		MYH9	0.0588235294117647	0.43209876543209874	FALSE	Common
PT_HJMP6PH2	Ewing sarcoma	Ewing sarcoma		MRTFA	0.0660377358490566	0	FALSE	Deceased
PT_HJMP6PH2	Ewing sarcoma	Ewing sarcoma		RPL10	0.0625	0	FALSE	Deceased
PT_HJMP6PH2	Ewing sarcoma	Ewing sarcoma		MT-CYB	0.01238473446860066	0.2612379869794358	FALSE	Common
PT_HJMP6PH2	Ewing sarcoma	Ewing sarcoma		RBM43	0	0.06363636363636363	FALSE	Recurrence
PT_HJMP6PH2	Ewing sarcoma	Ewing sarcoma		IFT43	0	0.5102040816326531	FALSE	Recurrence
PT_HJMP6PH2	Ewing sarcoma	Ewing sarcoma		INAFM2	0	0.1791044776119403	FALSE	Recurrence
PT_HJMP6PH2	Ewing sarcoma	Ewing sarcoma		LRRC59	0	0.07317073170731707	FALSE	Recurrence
PT_HJMP6PH2	Ewing sarcoma	Ewing sarcoma		ZNF568	0	0.07317073170731707	FALSE	Recurrence
