Kids_First_Participant_ID	cg_sum	cancer_group	gene_protein	Hugo_Symbol	Deceased_BS_3XW15QAZ	Recurrence_BS_9SVMVJ45	sym	group
PT_HJMP6PH2	Ewing sarcoma	Ewing sarcoma		DR1	0.25301204819277107	0.4805194805194805	FALSE	Common
PT_HJMP6PH2	Ewing sarcoma	Ewing sarcoma		RGSL1	0.05825242718446602	0	FALSE	Deceased
PT_HJMP6PH2	Ewing sarcoma	Ewing sarcoma		OBSCN	0.5084745762711864	0.6964285714285714	FALSE	Common
PT_HJMP6PH2	Ewing sarcoma	Ewing sarcoma		MGAT5	0.03703703703703703	0	FALSE	Deceased
PT_HJMP6PH2	Ewing sarcoma	Ewing sarcoma		LRP1B	0.12658227848101267	0	FALSE	Deceased
PT_HJMP6PH2	Ewing sarcoma	Ewing sarcoma		MAP2	0.04615384615384615	0	FALSE	Deceased
PT_HJMP6PH2	Ewing sarcoma	Ewing sarcoma		ADAMTS9	0.19117647058823528	0.43243243243243246	FALSE	Common
PT_HJMP6PH2	Ewing sarcoma	Ewing sarcoma		SUCLG2	0.16923076923076924	0	FALSE	Deceased
PT_HJMP6PH2	Ewing sarcoma	Ewing sarcoma		ENPEP	0.04225352112676056	0	FALSE	Deceased
PT_HJMP6PH2	Ewing sarcoma	Ewing sarcoma		GTF2H4	0.21794871794871795	0.411214953271028	FALSE	Common
PT_HJMP6PH2	Ewing sarcoma	Ewing sarcoma		RAB44	0.05128205128205128	0	FALSE	Deceased
PT_HJMP6PH2	Ewing sarcoma	Ewing sarcoma		ELOVL5	0.06	0	FALSE	Deceased
PT_HJMP6PH2	Ewing sarcoma	Ewing sarcoma		AP5Z1	0.0588235294117647	0	FALSE	Deceased
PT_HJMP6PH2	Ewing sarcoma	Ewing sarcoma		CFTR	0.09230769230769233	0	FALSE	Deceased
PT_HJMP6PH2	Ewing sarcoma	Ewing sarcoma		CFAP418	0.0303030303030303	0	FALSE	Deceased
PT_HJMP6PH2	Ewing sarcoma	Ewing sarcoma		SPATA31E1	0.19753086419753085	0.44155844155844154	FALSE	Common
PT_HJMP6PH2	Ewing sarcoma	Ewing sarcoma		FBP2	0.04918032786885246	0	FALSE	Deceased
PT_HJMP6PH2	Ewing sarcoma	Ewing sarcoma		ZNF618	0.2191780821917808	0.3924050632911392	FALSE	Common
PT_HJMP6PH2	Ewing sarcoma	Ewing sarcoma		CACFD1	0.04347826086956521	0	FALSE	Deceased
PT_HJMP6PH2	Ewing sarcoma	Ewing sarcoma		FRMD4A	0.26153846153846155	0.5070422535211268	FALSE	Common
PT_HJMP6PH2	Ewing sarcoma	Ewing sarcoma		MUC19	0.2602739726027397	0.3230769230769231	FALSE	Common
PT_HJMP6PH2	Ewing sarcoma	Ewing sarcoma		MYO1H	0.03658536585365853	0	FALSE	Deceased
PT_HJMP6PH2	Ewing sarcoma	Ewing sarcoma		YLPM1	0.2714285714285714	0.5072463768115942	FALSE	Common
PT_HJMP6PH2	Ewing sarcoma	Ewing sarcoma		IFT43	0.24193548387096775	0.5102040816326531	FALSE	Common
PT_HJMP6PH2	Ewing sarcoma	Ewing sarcoma		COPS2	0.22950819672131148	0.4328358208955224	FALSE	Common
PT_HJMP6PH2	Ewing sarcoma	Ewing sarcoma		VPS13C	0.2631578947368421	0.42168674698795183	FALSE	Common
PT_HJMP6PH2	Ewing sarcoma	Ewing sarcoma		DENND4A	0.22535211267605632	0.5333333333333333	FALSE	Common
PT_HJMP6PH2	Ewing sarcoma	Ewing sarcoma		PRPF8	0.2	0.5	FALSE	Common
PT_HJMP6PH2	Ewing sarcoma	Ewing sarcoma		KRT15	0.07575757575757576	0	FALSE	Deceased
PT_HJMP6PH2	Ewing sarcoma	Ewing sarcoma		KCNH4	0.2191780821917808	0.47560975609756095	FALSE	Common
PT_HJMP6PH2	Ewing sarcoma	Ewing sarcoma		EPB41L3	0.11688311688311688	0	FALSE	Deceased
PT_HJMP6PH2	Ewing sarcoma	Ewing sarcoma		PLEKHA4	0.05128205128205128	0	FALSE	Deceased
PT_HJMP6PH2	Ewing sarcoma	Ewing sarcoma		PPP6R1	0.07692307692307693	0	FALSE	Deceased
PT_HJMP6PH2	Ewing sarcoma	Ewing sarcoma		ZNF776	0.05333333333333334	0	FALSE	Deceased
PT_HJMP6PH2	Ewing sarcoma	Ewing sarcoma		TGM6	0.07246376811594203	0	FALSE	Deceased
PT_HJMP6PH2	Ewing sarcoma	Ewing sarcoma		MYH7B	0.08823529411764706	0	FALSE	Deceased
PT_HJMP6PH2	Ewing sarcoma	Ewing sarcoma		ABCG1	0.04938271604938271	0	FALSE	Deceased
PT_HJMP6PH2	Ewing sarcoma	Ewing sarcoma		MYH9	0.21794871794871795	0.43209876543209874	FALSE	Common
PT_HJMP6PH2	Ewing sarcoma	Ewing sarcoma		MRTFA	0.07575757575757576	0	FALSE	Deceased
PT_HJMP6PH2	Ewing sarcoma	Ewing sarcoma		MT-CYB	0.05041095890410959	0.2612379869794358	FALSE	Common
PT_HJMP6PH2	Ewing sarcoma	Ewing sarcoma		RBM43	0	0.06363636363636363	FALSE	Recurrence
PT_HJMP6PH2	Ewing sarcoma	Ewing sarcoma		ENST00000620059	0	0.07368421052631578	FALSE	Recurrence
PT_HJMP6PH2	Ewing sarcoma	Ewing sarcoma		INAFM2	0	0.1791044776119403	FALSE	Recurrence
PT_HJMP6PH2	Ewing sarcoma	Ewing sarcoma		LRRC59	0	0.07317073170731707	FALSE	Recurrence
PT_HJMP6PH2	Ewing sarcoma	Ewing sarcoma		ZNF568	0	0.07317073170731707	FALSE	Recurrence
