Kids_First_Participant_ID	cg_sum	cancer_group	gene_protein	Hugo_Symbol	Deceased_BS_SCW1FS55	Progressive_BS_9GN1QA3Q	sym	group
PT_HFQNKP5X	Chordoma	Chordoma		RPL5	0.1797752808988764	0.14444444444444443	FALSE	Common
PT_HFQNKP5X	Chordoma	Chordoma		FLG2	0.08196721311475409	0	FALSE	Deceased
PT_HFQNKP5X	Chordoma	Chordoma		USH2A	0.31896551724137934	0.1506849315068493	FALSE	Common
PT_HFQNKP5X	Chordoma	Chordoma		ETAA1	0.12941176470588237	0	FALSE	Deceased
PT_HFQNKP5X	Chordoma	Chordoma		LNPK	0.04615384615384615	0	FALSE	Deceased
PT_HFQNKP5X	Chordoma	Chordoma		AMOTL2	0.19767441860465115	0.16091954022988506	FALSE	Common
PT_HFQNKP5X	Chordoma	Chordoma		CC2D2A	0.0641025641025641	0	FALSE	Deceased
PT_HFQNKP5X	Chordoma	Chordoma		CCSER1	0.2962962962962963	0.14285714285714285	FALSE	Common
PT_HFQNKP5X	Chordoma	Chordoma		UBTD2	0.2	0	FALSE	Deceased
PT_HFQNKP5X	Chordoma	Chordoma		SOD2	0.24324324324324328	0.07079646017699115	FALSE	Common
PT_HFQNKP5X	Chordoma	Chordoma		LPAL2	0.04	0	FALSE	Deceased
PT_HFQNKP5X	Chordoma	Chordoma		ABCB5	0.2087912087912088	0.13043478260869565	FALSE	Common
PT_HFQNKP5X	Chordoma	Chordoma		COL14A1	0.15873015873015872	0	FALSE	Deceased
PT_HFQNKP5X	Chordoma	Chordoma		RECK	0.25882352941176473	0.08163265306122448	FALSE	Common
PT_HFQNKP5X	Chordoma	Chordoma		CYLC2	0.2463768115942029	0	FALSE	Deceased
PT_HFQNKP5X	Chordoma	Chordoma		ODAD2	0.2987012987012987	0.18055555555555555	FALSE	Common
PT_HFQNKP5X	Chordoma	Chordoma		BLNK	0.225	0.09411764705882351	FALSE	Common
PT_HFQNKP5X	Chordoma	Chordoma		MUC5B	0.15625	0.08333333333333333	FALSE	Common
PT_HFQNKP5X	Chordoma	Chordoma		MYBPC3	0.2781954887218045	0.08791208791208792	FALSE	Common
PT_HFQNKP5X	Chordoma	Chordoma		UPF3A	0.26666666666666666	0.11009174311926606	FALSE	Common
PT_HFQNKP5X	Chordoma	Chordoma		SERPINA12	0.02439024390243902	0	FALSE	Deceased
PT_HFQNKP5X	Chordoma	Chordoma		ADAMTSL3	0.03370786516853932	0	FALSE	Deceased
PT_HFQNKP5X	Chordoma	Chordoma		CDH8	0.17567567567567569	0	FALSE	Deceased
PT_HFQNKP5X	Chordoma	Chordoma		ADAD2	0.1134020618556701	0	FALSE	Deceased
PT_HFQNKP5X	Chordoma	Chordoma		ENPP7	0.20454545454545456	0	FALSE	Deceased
PT_HFQNKP5X	Chordoma	Chordoma		ROCK1	0.2247191011235955	0.12658227848101267	FALSE	Common
PT_HFQNKP5X	Chordoma	Chordoma		LINC00907	0.1794871794871795	0	FALSE	Deceased
PT_HFQNKP5X	Chordoma	Chordoma		SETBP1	0.1111111111111111	0	FALSE	Deceased
PT_HFQNKP5X	Chordoma	Chordoma		SLC27A5	0.12195121951219512	0.08	FALSE	Common
PT_HFQNKP5X	Chordoma	Chordoma		ENTPD6	0.02061855670103092	0	FALSE	Deceased
PT_HFQNKP5X	Chordoma	Chordoma		SUSD2	0.25757575757575757	0.09210526315789472	FALSE	Common
PT_HFQNKP5X	Chordoma	Chordoma		SUSD2	0.3076923076923077	0.0958904109589041	FALSE	Common
PT_HFQNKP5X	Chordoma	Chordoma		MAP3K15	0.18518518518518515	0	FALSE	Deceased
PT_HFQNKP5X	Chordoma	Chordoma		FAM47B	0.27631578947368424	0	FALSE	Deceased
PT_HFQNKP5X	Chordoma	Chordoma		MORF4L2	0.15	0	FALSE	Deceased
PT_HFQNKP5X	Chordoma	Chordoma		SOWAHD	0.26548672566371684	0.1153846153846154	FALSE	Common
PT_HFQNKP5X	Chordoma	Chordoma		ZBTB33	0.14606741573033707	0.21052631578947367	FALSE	Common
PT_HFQNKP5X	Chordoma	Chordoma		MT-CO3	0.19058546266435128	0	FALSE	Deceased
PT_HFQNKP5X	Chordoma	Chordoma		KCNQ4	0	0.1625	FALSE	Progressive
PT_HFQNKP5X	Chordoma	Chordoma		RYR2	0	0.16666666666666666	FALSE	Progressive
PT_HFQNKP5X	Chordoma	Chordoma		GAREM2	0	0.099009900990099	FALSE	Progressive
PT_HFQNKP5X	Chordoma	Chordoma		SPATA3	0	0.2616822429906542	FALSE	Progressive
PT_HFQNKP5X	Chordoma	Chordoma		CHRNG	0	0.10714285714285714	FALSE	Progressive
PT_HFQNKP5X	Chordoma	Chordoma		XPC	0	0.06451612903225806	FALSE	Progressive
PT_HFQNKP5X	Chordoma	Chordoma		ROBO2	0	0.1264367816091954	FALSE	Progressive
PT_HFQNKP5X	Chordoma	Chordoma		ENPP1	0	0.2222222222222222	FALSE	Progressive
PT_HFQNKP5X	Chordoma	Chordoma		SRRM3	0	0.28888888888888886	FALSE	Progressive
PT_HFQNKP5X	Chordoma	Chordoma		MUC17	0	0.07547169811320754	FALSE	Progressive
PT_HFQNKP5X	Chordoma	Chordoma		GRIN1	0	0.1153846153846154	FALSE	Progressive
PT_HFQNKP5X	Chordoma	Chordoma		WASHC2C	0	0.125	FALSE	Progressive
PT_HFQNKP5X	Chordoma	Chordoma		FBXW4	0	0.13559322033898305	FALSE	Progressive
PT_HFQNKP5X	Chordoma	Chordoma		KIAA1549L	0	0.06185567010309278	FALSE	Progressive
PT_HFQNKP5X	Chordoma	Chordoma		AHNAK	0	0.13	FALSE	Progressive
PT_HFQNKP5X	Chordoma	Chordoma		AHNAK	0	0.11827956989247312	FALSE	Progressive
PT_HFQNKP5X	Chordoma	Chordoma		AHNAK	0	0.07692307692307693	FALSE	Progressive
PT_HFQNKP5X	Chordoma	Chordoma		INTS4	0	0.1651376146788991	FALSE	Progressive
PT_HFQNKP5X	Chordoma	Chordoma		A2M	0	0.10588235294117648	FALSE	Progressive
PT_HFQNKP5X	Chordoma	Chordoma		KL	0	0.13333333333333333	FALSE	Progressive
PT_HFQNKP5X	Chordoma	Chordoma		HSP90AA1	0	0.06315789473684211	FALSE	Progressive
PT_HFQNKP5X	Chordoma	Chordoma		ISL2	0	0.1262135922330097	FALSE	Progressive
PT_HFQNKP5X	Chordoma	Chordoma		GOLGA6L9	0	0.1935483870967742	FALSE	Progressive
PT_HFQNKP5X	Chordoma	Chordoma		CA7	0	0.06060606060606061	FALSE	Progressive
PT_HFQNKP5X	Chordoma	Chordoma		MYH10	0	0.10526315789473684	FALSE	Progressive
PT_HFQNKP5X	Chordoma	Chordoma		NPEPPS	0	0.09210526315789472	FALSE	Progressive
PT_HFQNKP5X	Chordoma	Chordoma		COL1A1	0	0.11267605633802816	FALSE	Progressive
PT_HFQNKP5X	Chordoma	Chordoma		TXNDC2	0	0.06976744186046512	FALSE	Progressive
PT_HFQNKP5X	Chordoma	Chordoma		PHLPP1	0	0.11267605633802816	FALSE	Progressive
PT_HFQNKP5X	Chordoma	Chordoma		PALM3	0	0.16	FALSE	Progressive
PT_HFQNKP5X	Chordoma	Chordoma		ZNF93	0	0.12244897959183672	FALSE	Progressive
PT_HFQNKP5X	Chordoma	Chordoma		ZNF888	0	0.06153846153846154	FALSE	Progressive
PT_HFQNKP5X	Chordoma	Chordoma		ZNF17	0	0.1	FALSE	Progressive
PT_HFQNKP5X	Chordoma	Chordoma		ZNF837	0	0.15841584158415842	FALSE	Progressive
PT_HFQNKP5X	Chordoma	Chordoma		EMILIN3	0	0.12295081967213116	FALSE	Progressive
PT_HFQNKP5X	Chordoma	Chordoma		TOX2	0	0.2	FALSE	Progressive
PT_HFQNKP5X	Chordoma	Chordoma		SS18L1	0	0.0673076923076923	FALSE	Progressive
