Kids_First_Participant_ID	cg_sum	cancer_group	gene_protein	Hugo_Symbol	Deceased_BS_5B6XZ7YP	Progressive_BS_FBJ516WW	sym	group
PT_HFQNKP5X	Chordoma	Chordoma		RPL5	0.05309734513274336	0	FALSE	Deceased
PT_HFQNKP5X	Chordoma	Chordoma		RYR2	0.07368421052631578	0	FALSE	Deceased
PT_HFQNKP5X	Chordoma	Chordoma		AMOTL2	0.0588235294117647	0	FALSE	Deceased
PT_HFQNKP5X	Chordoma	Chordoma		SMPD2	0.09782608695652174	0	FALSE	Deceased
PT_HFQNKP5X	Chordoma	Chordoma		SOD2	0.04901960784313725	0	FALSE	Deceased
PT_HFQNKP5X	Chordoma	Chordoma		ABCB5	0.099009900990099	0	FALSE	Deceased
PT_HFQNKP5X	Chordoma	Chordoma		ODAD2	0.07352941176470588	0	FALSE	Deceased
PT_HFQNKP5X	Chordoma	Chordoma		BLNK	0.06666666666666667	0.04545454545454545	FALSE	Common
PT_HFQNKP5X	Chordoma	Chordoma		MUC5B	0.08	0	FALSE	Deceased
PT_HFQNKP5X	Chordoma	Chordoma		MYBPC3	0.08045977011494253	0	FALSE	Deceased
PT_HFQNKP5X	Chordoma	Chordoma		PICALM	0.04545454545454545	0	FALSE	Deceased
PT_HFQNKP5X	Chordoma	Chordoma		CCDC175	0.0707070707070707	0	FALSE	Deceased
PT_HFQNKP5X	Chordoma	Chordoma		SLC27A5	0.07407407407407407	0	FALSE	Deceased
PT_HFQNKP5X	Chordoma	Chordoma		SIGLEC1	0.0967741935483871	0	FALSE	Deceased
PT_HFQNKP5X	Chordoma	Chordoma		SUSD2	0.08333333333333333	0	FALSE	Deceased
PT_HFQNKP5X	Chordoma	Chordoma		SUSD2	0.06172839506172839	0.1308411214953271	FALSE	Common
PT_HFQNKP5X	Chordoma	Chordoma		HUWE1	0.046875	0	FALSE	Deceased
PT_HFQNKP5X	Chordoma	Chordoma		ZBTB33	0.05063291139240506	0	FALSE	Deceased
PT_HFQNKP5X	Chordoma	Chordoma		ATAD3B	0	0.08163265306122448	FALSE	Progressive
PT_HFQNKP5X	Chordoma	Chordoma		RGPD4	0	0.26153846153846155	FALSE	Progressive
PT_HFQNKP5X	Chordoma	Chordoma		IFITM3	0	0.06315789473684211	FALSE	Progressive
PT_HFQNKP5X	Chordoma	Chordoma		IGHV1-69D	0	0.36	FALSE	Progressive
PT_HFQNKP5X	Chordoma	Chordoma		ROCK1	0	0.08571428571428572	FALSE	Progressive
PT_HFQNKP5X	Chordoma	Chordoma		PHLPP1	0	0.08196721311475409	FALSE	Progressive
PT_HFQNKP5X	Chordoma	Chordoma		SOWAHD	0	0.05147058823529411	FALSE	Progressive
