Kids_First_Participant_ID	cg_sum	cancer_group	gene_protein	Hugo_Symbol	Deceased_BS_SCW1FS55	Recurrence_BS_6F49F7WH	sym	group
PT_HFQNKP5X	Chordoma	Chordoma		RPL5	0.1797752808988764	0.17582417582417584	FALSE	Common
PT_HFQNKP5X	Chordoma	Chordoma		FLG2	0.08196721311475409	0	FALSE	Deceased
PT_HFQNKP5X	Chordoma	Chordoma		USH2A	0.31896551724137934	0.3048780487804878	FALSE	Common
PT_HFQNKP5X	Chordoma	Chordoma		ETAA1	0.12941176470588237	0	FALSE	Deceased
PT_HFQNKP5X	Chordoma	Chordoma		LNPK	0.04615384615384615	0	FALSE	Deceased
PT_HFQNKP5X	Chordoma	Chordoma		AMOTL2	0.19767441860465115	0.35106382978723405	FALSE	Common
PT_HFQNKP5X	Chordoma	Chordoma		CC2D2A	0.0641025641025641	0	FALSE	Deceased
PT_HFQNKP5X	Chordoma	Chordoma		CCSER1	0.2962962962962963	0.2948717948717949	FALSE	Common
PT_HFQNKP5X	Chordoma	Chordoma		UBTD2	0.2	0.2823529411764706	FALSE	Common
PT_HFQNKP5X	Chordoma	Chordoma		SOD2	0.24324324324324328	0.25510204081632654	FALSE	Common
PT_HFQNKP5X	Chordoma	Chordoma		LPAL2	0.04	0	FALSE	Deceased
PT_HFQNKP5X	Chordoma	Chordoma		ABCB5	0.2087912087912088	0.16326530612244897	FALSE	Common
PT_HFQNKP5X	Chordoma	Chordoma		COL14A1	0.15873015873015872	0	FALSE	Deceased
PT_HFQNKP5X	Chordoma	Chordoma		RECK	0.25882352941176473	0.3225806451612903	FALSE	Common
PT_HFQNKP5X	Chordoma	Chordoma		CYLC2	0.2463768115942029	0.3717948717948718	FALSE	Common
PT_HFQNKP5X	Chordoma	Chordoma		ODAD2	0.2987012987012987	0.3026315789473684	FALSE	Common
PT_HFQNKP5X	Chordoma	Chordoma		BLNK	0.225	0.2345679012345679	FALSE	Common
PT_HFQNKP5X	Chordoma	Chordoma		MUC5B	0.15625	0.4050632911392405	FALSE	Common
PT_HFQNKP5X	Chordoma	Chordoma		MYBPC3	0.2781954887218045	0.29850746268656714	FALSE	Common
PT_HFQNKP5X	Chordoma	Chordoma		UPF3A	0.26666666666666666	0.2696629213483146	FALSE	Common
PT_HFQNKP5X	Chordoma	Chordoma		SERPINA12	0.02439024390243902	0	FALSE	Deceased
PT_HFQNKP5X	Chordoma	Chordoma		ADAMTSL3	0.03370786516853932	0	FALSE	Deceased
PT_HFQNKP5X	Chordoma	Chordoma		CDH8	0.17567567567567569	0.4	FALSE	Common
PT_HFQNKP5X	Chordoma	Chordoma		ADAD2	0.1134020618556701	0	FALSE	Deceased
PT_HFQNKP5X	Chordoma	Chordoma		ENPP7	0.20454545454545456	0.375	FALSE	Common
PT_HFQNKP5X	Chordoma	Chordoma		ROCK1	0.2247191011235955	0.34408602150537637	FALSE	Common
PT_HFQNKP5X	Chordoma	Chordoma		LINC00907	0.1794871794871795	0	FALSE	Deceased
PT_HFQNKP5X	Chordoma	Chordoma		SETBP1	0.1111111111111111	0.3108108108108108	FALSE	Common
PT_HFQNKP5X	Chordoma	Chordoma		SLC27A5	0.12195121951219512	0.27058823529411763	FALSE	Common
PT_HFQNKP5X	Chordoma	Chordoma		ENTPD6	0.02061855670103092	0	FALSE	Deceased
PT_HFQNKP5X	Chordoma	Chordoma		SUSD2	0.25757575757575757	0.4418604651162791	FALSE	Common
PT_HFQNKP5X	Chordoma	Chordoma		SUSD2	0.3076923076923077	0.5084745762711864	FALSE	Common
PT_HFQNKP5X	Chordoma	Chordoma		MAP3K15	0.18518518518518515	0.2258064516129032	FALSE	Common
PT_HFQNKP5X	Chordoma	Chordoma		FAM47B	0.27631578947368424	0.2535211267605634	FALSE	Common
PT_HFQNKP5X	Chordoma	Chordoma		MORF4L2	0.15	0	FALSE	Deceased
PT_HFQNKP5X	Chordoma	Chordoma		SOWAHD	0.26548672566371684	0.27884615384615385	FALSE	Common
PT_HFQNKP5X	Chordoma	Chordoma		ZBTB33	0.14606741573033707	0.37254901960784315	FALSE	Common
PT_HFQNKP5X	Chordoma	Chordoma		MT-CO3	0.19058546266435128	0.13444681355129115	FALSE	Common
PT_HFQNKP5X	Chordoma	Chordoma		LRRC47	0	0.099009900990099	FALSE	Recurrence
PT_HFQNKP5X	Chordoma	Chordoma		PLEKHG5	0	0.1111111111111111	FALSE	Recurrence
PT_HFQNKP5X	Chordoma	Chordoma		OBSCN	0	0.08823529411764706	FALSE	Recurrence
PT_HFQNKP5X	Chordoma	Chordoma		RYR2	0	0.3625	FALSE	Recurrence
PT_HFQNKP5X	Chordoma	Chordoma		MFSD2B	0	0.14285714285714285	FALSE	Recurrence
PT_HFQNKP5X	Chordoma	Chordoma		THUMPD2	0	0.16037735849056603	FALSE	Recurrence
PT_HFQNKP5X	Chordoma	Chordoma		GAL3ST2	0	0.14432989690721648	FALSE	Recurrence
PT_HFQNKP5X	Chordoma	Chordoma		GALNT15	0	0.2698412698412698	FALSE	Recurrence
PT_HFQNKP5X	Chordoma	Chordoma		PLCD1	0	0.11450381679389313	FALSE	Recurrence
PT_HFQNKP5X	Chordoma	Chordoma		RBM15B	0	0.10483870967741936	FALSE	Recurrence
PT_HFQNKP5X	Chordoma	Chordoma		ROBO2	0	0.2441860465116279	FALSE	Recurrence
PT_HFQNKP5X	Chordoma	Chordoma		MINDY4B	0	0.09302325581395347	FALSE	Recurrence
PT_HFQNKP5X	Chordoma	Chordoma		MUC4	0	0.2328767123287671	FALSE	Recurrence
PT_HFQNKP5X	Chordoma	Chordoma		AFF1	0	0.2765957446808511	FALSE	Recurrence
PT_HFQNKP5X	Chordoma	Chordoma		AFF1	0	0.3108108108108108	FALSE	Recurrence
PT_HFQNKP5X	Chordoma	Chordoma		MCCC2	0	0.05714285714285714	FALSE	Recurrence
PT_HFQNKP5X	Chordoma	Chordoma		WRNIP1	0	0.19540229885057472	FALSE	Recurrence
PT_HFQNKP5X	Chordoma	Chordoma		TMEM120A	0	0.07258064516129033	FALSE	Recurrence
PT_HFQNKP5X	Chordoma	Chordoma		DLX6	0	0.16831683168316833	FALSE	Recurrence
PT_HFQNKP5X	Chordoma	Chordoma		PPP1R35	0	0.1464968152866242	FALSE	Recurrence
PT_HFQNKP5X	Chordoma	Chordoma		NYAP1	0	0.06422018348623854	FALSE	Recurrence
PT_HFQNKP5X	Chordoma	Chordoma		FOXP2	0	0.05405405405405406	FALSE	Recurrence
PT_HFQNKP5X	Chordoma	Chordoma		TCAF1	0	0.2857142857142857	FALSE	Recurrence
PT_HFQNKP5X	Chordoma	Chordoma		DAB2IP	0	0.12962962962962962	FALSE	Recurrence
PT_HFQNKP5X	Chordoma	Chordoma		SLC34A3	0	0.10185185185185185	FALSE	Recurrence
PT_HFQNKP5X	Chordoma	Chordoma		TRPM5	0	0.0684931506849315	FALSE	Recurrence
PT_HFQNKP5X	Chordoma	Chordoma		VPS51	0	0.0603448275862069	FALSE	Recurrence
PT_HFQNKP5X	Chordoma	Chordoma		MBD6	0	0.08860759493670886	FALSE	Recurrence
PT_HFQNKP5X	Chordoma	Chordoma		CABP1	0	0.13274336283185842	FALSE	Recurrence
PT_HFQNKP5X	Chordoma	Chordoma		SOX1	0	0.07894736842105263	FALSE	Recurrence
PT_HFQNKP5X	Chordoma	Chordoma		RAB15	0	0.18421052631578944	FALSE	Recurrence
PT_HFQNKP5X	Chordoma	Chordoma		ISM2	0	0.14285714285714285	FALSE	Recurrence
PT_HFQNKP5X	Chordoma	Chordoma		C2CD4A	0	0.12844036697247707	FALSE	Recurrence
PT_HFQNKP5X	Chordoma	Chordoma		CHRNB4	0	0.12727272727272726	FALSE	Recurrence
PT_HFQNKP5X	Chordoma	Chordoma		ABHD17C	0	0.101010101010101	FALSE	Recurrence
PT_HFQNKP5X	Chordoma	Chordoma		USP7	0	0.3870967741935484	FALSE	Recurrence
PT_HFQNKP5X	Chordoma	Chordoma		GLG1	0	0.22058823529411764	FALSE	Recurrence
PT_HFQNKP5X	Chordoma	Chordoma		FAM171A2	0	0.1	FALSE	Recurrence
PT_HFQNKP5X	Chordoma	Chordoma		PALM3	0	0.3275862068965517	FALSE	Recurrence
PT_HFQNKP5X	Chordoma	Chordoma		ZNF850	0	0.14606741573033707	FALSE	Recurrence
PT_HFQNKP5X	Chordoma	Chordoma		MAP3K10	0	0.24	FALSE	Recurrence
PT_HFQNKP5X	Chordoma	Chordoma		DDX27	0	0.1139240506329114	FALSE	Recurrence
PT_HFQNKP5X	Chordoma	Chordoma		DOK5	0	0.08108108108108109	FALSE	Recurrence
PT_HFQNKP5X	Chordoma	Chordoma		SLX9	0	0.1619047619047619	FALSE	Recurrence
PT_HFQNKP5X	Chordoma	Chordoma		WNT7B	0	0.10476190476190476	FALSE	Recurrence
PT_HFQNKP5X	Chordoma	Chordoma		TMEM47	0	0.11965811965811966	FALSE	Recurrence
PT_HFQNKP5X	Chordoma	Chordoma		RBMXL3	0	0.13414634146341464	FALSE	Recurrence
PT_HFQNKP5X	Chordoma	Chordoma		MT-ND4	0	0.11853679467925338	FALSE	Recurrence
