Kids_First_Participant_ID	cg_sum	cancer_group	gene_protein	Hugo_Symbol	Deceased_BS_8Q8N6AHW	Diagnosis_BS_EJV0N3BX	sym	group
PT_37B5JRP1	High-grade glioma	High-grade glioma		GJA9	0.16379310344827586	0	FALSE	Deceased
PT_37B5JRP1	High-grade glioma	High-grade glioma		LOC105378771	0.13253012048192772	0	FALSE	Deceased
PT_37B5JRP1	High-grade glioma	High-grade glioma		C2CD4D	0.205607476635514	0	FALSE	Deceased
PT_37B5JRP1	High-grade glioma	High-grade glioma		ADCY10	0.19540229885057472	0	FALSE	Deceased
PT_37B5JRP1	High-grade glioma	High-grade glioma		CACNA1S	0.07317073170731707	0	FALSE	Deceased
PT_37B5JRP1	High-grade glioma	High-grade glioma		CAPN8	0.15217391304347827	0	FALSE	Deceased
PT_37B5JRP1	High-grade glioma	High-grade glioma		SRP9	0.15	0	FALSE	Deceased
PT_37B5JRP1	High-grade glioma	High-grade glioma		CEP170	0.24271844660194175	0	FALSE	Deceased
PT_37B5JRP1	High-grade glioma	High-grade glioma		OTOF	0.42592592592592593	0	FALSE	Deceased
PT_37B5JRP1	High-grade glioma	High-grade glioma		EHBP1	0.11607142857142858	0	FALSE	Deceased
PT_37B5JRP1	High-grade glioma	High-grade glioma		EHBP1	0.11607142857142858	0	FALSE	Deceased
PT_37B5JRP1	High-grade glioma	High-grade glioma		EHBP1	0.12	0	FALSE	Deceased
PT_37B5JRP1	High-grade glioma	High-grade glioma		ATF2	0.1262135922330097	0	FALSE	Deceased
PT_37B5JRP1	High-grade glioma	High-grade glioma		C3orf20	0.08333333333333333	0	FALSE	Deceased
PT_37B5JRP1	High-grade glioma	High-grade glioma		PTH1R	0.6	0.44881889763779526	FALSE	Common
PT_37B5JRP1	High-grade glioma	High-grade glioma		C3orf49	0.191358024691358	0	FALSE	Deceased
PT_37B5JRP1	High-grade glioma	High-grade glioma		B3GALNT1	0.06593406593406594	0	FALSE	Deceased
PT_37B5JRP1	High-grade glioma	High-grade glioma		CCDC39	0.9491525423728814	0.38235294117647056	FALSE	Common
PT_37B5JRP1	High-grade glioma	High-grade glioma		SLC23A1	0.0851063829787234	0	FALSE	Deceased
PT_37B5JRP1	High-grade glioma	High-grade glioma		SLC23A1	0.10843373493975904	0	FALSE	Deceased
PT_37B5JRP1	High-grade glioma	High-grade glioma		DHX16	0.21666666666666667	0	FALSE	Deceased
PT_37B5JRP1	High-grade glioma	High-grade glioma		CD109	0.07608695652173914	0	FALSE	Deceased
PT_37B5JRP1	High-grade glioma	High-grade glioma		ARID1B	0.05172413793103448	0	FALSE	Deceased
PT_37B5JRP1	High-grade glioma	High-grade glioma		AFDN	0.09090909090909093	0	FALSE	Deceased
PT_37B5JRP1	High-grade glioma	High-grade glioma		SDK1	0.1509433962264151	0	FALSE	Deceased
PT_37B5JRP1	High-grade glioma	High-grade glioma		GRB10	0.34838709677419355	0	FALSE	Deceased
PT_37B5JRP1	High-grade glioma	High-grade glioma		POM121L12	0.1656441717791411	0	FALSE	Deceased
PT_37B5JRP1	High-grade glioma	High-grade glioma	EGFR_p.D770_N771insGLD	EGFR	0.3096774193548387	0.2692307692307692	TRUE	Common
PT_37B5JRP1	High-grade glioma	High-grade glioma		WASL	0.05813953488372093	0	FALSE	Deceased
PT_37B5JRP1	High-grade glioma	High-grade glioma		MROH1	0.5978260869565217	0.336734693877551	FALSE	Common
PT_37B5JRP1	High-grade glioma	High-grade glioma		PHF2	0.15714285714285714	0	FALSE	Deceased
PT_37B5JRP1	High-grade glioma	High-grade glioma		BRINP1	0.4698795180722892	0	FALSE	Deceased
PT_37B5JRP1	High-grade glioma	High-grade glioma		TRUB2	0.11702127659574468	0	FALSE	Deceased
PT_37B5JRP1	High-grade glioma	High-grade glioma		DBH	0.5357142857142857	0	FALSE	Deceased
PT_37B5JRP1	High-grade glioma	High-grade glioma		ANKRD30A	0.20689655172413793	0	FALSE	Deceased
PT_37B5JRP1	High-grade glioma	High-grade glioma		HK1	0.13793103448275862	0	FALSE	Deceased
PT_37B5JRP1	High-grade glioma	High-grade glioma		OR10G7	0.19672131147540983	0	FALSE	Deceased
PT_37B5JRP1	High-grade glioma	High-grade glioma		A2ML1	0.13953488372093023	0	FALSE	Deceased
PT_37B5JRP1	High-grade glioma	High-grade glioma		IRAK4	0.05555555555555555	0	FALSE	Deceased
PT_37B5JRP1	High-grade glioma	High-grade glioma		HELB	0.07777777777777778	0	FALSE	Deceased
PT_37B5JRP1	High-grade glioma	High-grade glioma		ATP2B1	0.3636363636363637	0	FALSE	Deceased
PT_37B5JRP1	High-grade glioma	High-grade glioma		KL	0.09574468085106384	0	FALSE	Deceased
PT_37B5JRP1	High-grade glioma	High-grade glioma		SOX1	0.10714285714285714	0	FALSE	Deceased
PT_37B5JRP1	High-grade glioma	High-grade glioma		GRK1	0.08	0	FALSE	Deceased
PT_37B5JRP1	High-grade glioma	High-grade glioma		EGLN3	0.05660377358490566	0	FALSE	Deceased
PT_37B5JRP1	High-grade glioma	High-grade glioma		YY1	0.1346153846153846	0	FALSE	Deceased
PT_37B5JRP1	High-grade glioma	High-grade glioma		FES	0.07291666666666667	0	FALSE	Deceased
PT_37B5JRP1	High-grade glioma	High-grade glioma	CREBBP_p.L833F	CREBBP	0.13186813186813187	0	TRUE	Deceased
PT_37B5JRP1	High-grade glioma	High-grade glioma		NOD2	0.06153846153846154	0	FALSE	Deceased
PT_37B5JRP1	High-grade glioma	High-grade glioma		CHST5	0.21008403361344535	0	FALSE	Deceased
PT_37B5JRP1	High-grade glioma	High-grade glioma		GLOD4	0.5660377358490566	0.5818181818181818	FALSE	Common
PT_37B5JRP1	High-grade glioma	High-grade glioma	TP53_p.H193Y	TP53	0.8857142857142857	0.8172043010752689	TRUE	Common
PT_37B5JRP1	High-grade glioma	High-grade glioma		LAMA3	0.6	0.5168539325842697	FALSE	Common
PT_37B5JRP1	High-grade glioma	High-grade glioma		LOC107985178	0.0625	0	FALSE	Deceased
PT_37B5JRP1	High-grade glioma	High-grade glioma		TBXA2R	0.23008849557522124	0.16161616161616163	FALSE	Common
PT_37B5JRP1	High-grade glioma	High-grade glioma		PTPRS	0.08333333333333333	0	FALSE	Deceased
PT_37B5JRP1	High-grade glioma	High-grade glioma		ZNF44	0.08247422680412371	0	FALSE	Deceased
PT_37B5JRP1	High-grade glioma	High-grade glioma		LIPI	0.14285714285714285	0	FALSE	Deceased
PT_37B5JRP1	High-grade glioma	High-grade glioma		ARHGEF9	0.24489795918367344	0	FALSE	Deceased
PT_37B5JRP1	High-grade glioma	High-grade glioma		EMC1	0	0.12345679012345678	FALSE	Diagnosis
PT_37B5JRP1	High-grade glioma	High-grade glioma		LCE1D	0	0.1927710843373494	FALSE	Diagnosis
PT_37B5JRP1	High-grade glioma	High-grade glioma		MTX1	0	0.1721311475409836	FALSE	Diagnosis
PT_37B5JRP1	High-grade glioma	High-grade glioma		WDR64	0	0.08256880733944955	FALSE	Diagnosis
PT_37B5JRP1	High-grade glioma	High-grade glioma		WDR64	0	0.06666666666666667	FALSE	Diagnosis
PT_37B5JRP1	High-grade glioma	High-grade glioma		DNMT3A	0	0.14736842105263157	FALSE	Diagnosis
PT_37B5JRP1	High-grade glioma	High-grade glioma		CRIM1	0	0.09803921568627452	FALSE	Diagnosis
PT_37B5JRP1	High-grade glioma	High-grade glioma		RARB	0	0.14414414414414414	FALSE	Diagnosis
PT_37B5JRP1	High-grade glioma	High-grade glioma		CCK	0	0.18840579710144928	FALSE	Diagnosis
PT_37B5JRP1	High-grade glioma	High-grade glioma		ALS2CL	0	0.08152173913043478	FALSE	Diagnosis
PT_37B5JRP1	High-grade glioma	High-grade glioma		DNAH12	0	0.19101123595505615	FALSE	Diagnosis
PT_37B5JRP1	High-grade glioma	High-grade glioma		PCDHGB3	0	0.109375	FALSE	Diagnosis
PT_37B5JRP1	High-grade glioma	High-grade glioma		ATP6V0E1	0	0.12987012987012986	FALSE	Diagnosis
PT_37B5JRP1	High-grade glioma	High-grade glioma		SOGA3	0	0.07142857142857142	FALSE	Diagnosis
PT_37B5JRP1	High-grade glioma	High-grade glioma		NHSL1	0	0.1643835616438356	FALSE	Diagnosis
PT_37B5JRP1	High-grade glioma	High-grade glioma		SDK1	0	0.11688311688311688	FALSE	Diagnosis
PT_37B5JRP1	High-grade glioma	High-grade glioma		ZAN	0	0.09876543209876544	FALSE	Diagnosis
PT_37B5JRP1	High-grade glioma	High-grade glioma		CCDC166	0	0.1095890410958904	FALSE	Diagnosis
PT_37B5JRP1	High-grade glioma	High-grade glioma		SPATA31D1	0	0.18309859154929575	FALSE	Diagnosis
PT_37B5JRP1	High-grade glioma	High-grade glioma		ZNF385A	0	0.33766233766233766	FALSE	Diagnosis
PT_37B5JRP1	High-grade glioma	High-grade glioma		CABP1	0	0.16883116883116883	FALSE	Diagnosis
PT_37B5JRP1	High-grade glioma	High-grade glioma		PSPC1	0	0.1724137931034483	FALSE	Diagnosis
PT_37B5JRP1	High-grade glioma	High-grade glioma		RHOT2	0	0.12698412698412698	FALSE	Diagnosis
PT_37B5JRP1	High-grade glioma	High-grade glioma		BFAR	0	0.08333333333333333	FALSE	Diagnosis
PT_37B5JRP1	High-grade glioma	High-grade glioma		GDPD3	0	0.1565217391304348	FALSE	Diagnosis
PT_37B5JRP1	High-grade glioma	High-grade glioma		ABHD15	0	0.2605042016806723	FALSE	Diagnosis
PT_37B5JRP1	High-grade glioma	High-grade glioma		ZNF66	0	0.09523809523809525	FALSE	Diagnosis
PT_37B5JRP1	High-grade glioma	High-grade glioma		GP6	0	0.1559633027522936	FALSE	Diagnosis
PT_37B5JRP1	High-grade glioma	High-grade glioma		CENPB	0	0.16666666666666666	FALSE	Diagnosis
PT_37B5JRP1	High-grade glioma	High-grade glioma		EDA2R	0	0.1111111111111111	FALSE	Diagnosis
